Nombre,Clase,Subclase,Descripción,Ruta
Escritorio tipo L bicolor,,Puestos de Trabajo,,Puestos de Trabajo/Escritorio tipo L bicolor.jpg
Escritorio unicolor base cromada,,Puestos de Trabajo,,Puestos de Trabajo/Escritorio unicolor base cromada.jpg
Islas de trabajo 3 puestos,,Puestos de Trabajo,,Puestos de Trabajo/Islas de trabajo 3 puestos.jpg
Puestos rectos bicolor,,Puestos de Trabajo,,Puestos de Trabajo/Puestos rectos bicolor.jpg
Escritorio recto con base cromada,,Puestos de Trabajo,,Puestos de Trabajo/Escritorio recto con base cromada.jpg
Puesto en L con repisa flotante,,Puestos de Trabajo,,Puestos de Trabajo/Puesto en L con repisa flotante.jpg
Islas de trabajo,,Puestos de Trabajo,,Puestos de Trabajo/Islas de trabajo.jpg
Escritorio gerencial bicolor,,Puestos de Trabajo,,Puestos de Trabajo/Escritorio gerencial bicolor.jpeg
Escritorio recto bicolor,,Puestos de Trabajo,,Puestos de Trabajo/Escritorio recto bicolor.jpg
Escritorio en L con base negra,,Puestos de Trabajo,,Puestos de Trabajo/Escritorio en L con base negra.jpg
Escritorio gerencial madera_cromo,,Puestos de Trabajo,,Puestos de Trabajo/Escritorio gerencial madera_cromo.jpg
División para oficina,,Puestos de Trabajo,,Puestos de Trabajo/División para oficina.jpg
Islas de trabajo bicolor,,Puestos de Trabajo,,Puestos de Trabajo/Islas de trabajo bicolor.jpg
Escritorio lineal base negra,,Puestos de Trabajo,,Puestos de Trabajo/Escritorio lineal base negra.jpg
Escritorio gerencial madera,,Puestos de Trabajo,,Puestos de Trabajo/Escritorio gerencial madera.jpeg
Escritorio bicolor con base cromada,,Puestos de Trabajo,,Puestos de Trabajo/Escritorio bicolor con base cromada.jpg
Escritorio bicolor con base cromo cuadrada,,Puestos de Trabajo,,Puestos de Trabajo/Escritorio bicolor con base cromo cuadrada.jpg
Recepción bicolor con luz Led,,Recepciones,,Recepciones/Recepción bicolor con luz Led.jpg
Recepción 2 puestos,,Recepciones,,Recepciones/Recepción 2 puestos.jpg
Recepción bicolor,,Recepciones,,Recepciones/Recepción bicolor.jpeg
Recepción sencilla bicolor,,Recepciones,,Recepciones/Recepción sencilla bicolor.jpg
Recepción 1 puesto,,Recepciones,,Recepciones/Recepción 1 puesto.jpg
Recepción frontal 2 puestos,,Recepciones,,Recepciones/Recepción frontal 2 puestos.jpg
Recepción bicolor verde,,Recepciones,,Recepciones/Recepción bicolor verde.jpg
Recepción bicolor 2 puestos,,Recepciones,,Recepciones/Recepción bicolor 2 puestos.jpg
Recepción Luz Led,,Recepciones,,Recepciones/Recepción Luz Led.jpeg
Repisero,,Bibliotecas,,Bibliotecas/Repisero.jpg
Biblioteca multiespacio,,Bibliotecas,,Bibliotecas/Biblioteca multiespacio.jpg
Biblioteca modular en madera,,Bibliotecas,,Bibliotecas/Biblioteca modular en madera.jpg
Tridimensional,,Bibliotecas,,Bibliotecas/Tridimensional.jpg
Biblioteca modular,,Bibliotecas,,Bibliotecas/Biblioteca modular.jpg
Biblioteca funcional,,Bibliotecas,,Bibliotecas/Biblioteca funcional.jpg
Biblioteca geométrica,,Bibliotecas,,Bibliotecas/Biblioteca geométrica.jpg
Biblioteca unicolor,,Bibliotecas,,Bibliotecas/Biblioteca unicolor.jpg
Biblioteca bicolor,,Bibliotecas,,Bibliotecas/Biblioteca bicolor.jpg
Biblioteca moderna,,Bibliotecas,,Bibliotecas/Biblioteca moderna.jpg
Modular bicolor,,Bibliotecas,,Bibliotecas/Modular bicolor.jpg
Biblioteca modular bicolor,,Bibliotecas,,Bibliotecas/Biblioteca modular bicolor.jpg
Mesa con base en u,Mesas,Mesas de Juntas,,Mesas/Mesas de Juntas/Mesa con base en u.jpeg
Mesa con base reforzada,Mesas,Mesas de Juntas,,Mesas/Mesas de Juntas/Mesa con base reforzada.jpeg
Mesa de juntas madera,Mesas,Mesas de Juntas,,Mesas/Mesas de Juntas/Mesa de juntas madera.JPG
Mesa con base cromo,Mesas,Mesas de Juntas,,Mesas/Mesas de Juntas/Mesa con base cromo.png
Mesa de juntas con base cromada,Mesas,Mesas de Juntas,,Mesas/Mesas de Juntas/Mesa de juntas con base cromada.jpeg
Mesa de juntas negra,Mesas,Mesas de Juntas,,Mesas/Mesas de Juntas/Mesa de juntas negra.jpg
Mesa de juntas con base metálica,Mesas,Mesas de Juntas,,Mesas/Mesas de Juntas/Mesa de juntas con base metálica.jpeg
Mesa lineal con gromet,Mesas,Mesas de Juntas,,Mesas/Mesas de Juntas/Mesa lineal con gromet.jpeg
Mesa de juntas 8 puestos,Mesas,Mesas de Juntas,,Mesas/Mesas de Juntas/Mesa de juntas 8 puestos.JPG
Mesa pequeña vertical,Mesas de Juntas,Mesa Tablet,,Mesas/Mesas de Juntas/Mesa Tablet/Mesa pequeña vertical.jpg
Mesa pequeña vertical bicolor,Mesas de Juntas,Mesa Tablet,,Mesas/Mesas de Juntas/Mesa Tablet/Mesa pequeña vertical bicolor.jpg
Mesa bicolor con ruedas,Mesas,Bases abatibles,,Mesas/Bases abatibles/Mesa bicolor con ruedas.jpg
Mesa con base negra,Mesas,Bases abatibles,,Mesas/Bases abatibles/Mesa con base negra.jpg
Mesa pequeña con ruedas,Mesas,Bases abatibles,,Mesas/Bases abatibles/Mesa pequeña con ruedas.jpg
Mesa funcional,Mesas,Bases abatibles,,Mesas/Bases abatibles/Mesa funcional.jpg
Individual,Mesas,Bases abatibles,,Mesas/Bases abatibles/Individual.jpg
Mesas geométricas pequeñas,Mesas,Centro,,Mesas/Centro/Mesas geométricas pequeñas.jpg
Mesa pequeña bicolor,Mesas,Centro,,Mesas/Centro/Mesa pequeña bicolor.jpg
Mesa pequeña color cobre,Mesas,Centro,,Mesas/Centro/Mesa pequeña color cobre.jpg
Mesa pequeña base espiral,Mesas,Centro,,Mesas/Centro/Mesa pequeña base espiral.jpg
Pupitre gris con ruedas,Sillas,Salas de Capacitaciones,,Sillas/Salas de Capacitaciones/Pupitre gris con ruedas.jpg
Pupitre giratorio amarillo,Sillas,Salas de Capacitaciones,,Sillas/Salas de Capacitaciones/Pupitre giratorio amarillo.jpg
Pupitre giratorio con ruedas,Sillas,Salas de Capacitaciones,,Sillas/Salas de Capacitaciones/Pupitre giratorio con ruedas.jpg
Pupitre giratorio amarillo con ruedas,Sillas,Salas de Capacitaciones,,Sillas/Salas de Capacitaciones/Pupitre giratorio amarillo con ruedas.jpg
Pupitre azul con ruedas,Sillas,Salas de Capacitaciones,,Sillas/Salas de Capacitaciones/Pupitre azul con ruedas.jpg
Pupitres giratorios con ruedas,Sillas,Salas de Capacitaciones,,Sillas/Salas de Capacitaciones/Pupitres giratorios con ruedas.jpg
Pupitre con ruedas y apoyabrazo,Sillas,Salas de Capacitaciones,,Sillas/Salas de Capacitaciones/Pupitre con ruedas y apoyabrazo.jpg
Silla giratoria verde base negra,Sillas,Interlocutoras,,Sillas/Interlocutoras/Silla giratoria verde base negra.jpg
Silla fija verde base madera,Sillas,Interlocutoras,,Sillas/Interlocutoras/Silla fija verde base madera.jpg
Silla fija giratoria negra base madera,Sillas,Interlocutoras,,Sillas/Interlocutoras/Silla fija giratoria negra base madera.jpg
Silla giratoria base madera y mesa,Sillas,Interlocutoras,,Sillas/Interlocutoras/Silla giratoria base madera y mesa.jpg
Silla fija gris base madera,Sillas,Interlocutoras,,Sillas/Interlocutoras/Silla fija gris base madera.jpg
Silla alta base negra,Sillas,Interlocutoras,,Sillas/Interlocutoras/Silla alta base negra.jpg
Silla giratoria negra pequeña,Sillas,Interlocutoras,,Sillas/Interlocutoras/Silla giratoria negra pequeña.jpg
Sillas altas base cromo,Sillas,Interlocutoras,,Sillas/Interlocutoras/Sillas altas base cromo.jpg
Silla giratoria base aluminio,Sillas,Poltronas,,Sillas/Poltronas/Silla giratoria base aluminio.jpg
Silla giratoria base aluminio con ruedas,Sillas,Poltronas,,Sillas/Poltronas/Silla giratoria base aluminio con ruedas.jpg
Silla giratoria base blanca,Sillas,Poltronas,,Sillas/Poltronas/Silla giratoria base blanca.jpg
Silla fija giratoria base madera,Sillas,Poltronas,,Sillas/Poltronas/Silla fija giratoria base madera.jpg
Silla interlocutora base madera,Sillas,Poltronas,,Sillas/Poltronas/Silla interlocutora base madera.jpg
Silla interlocutora giratoria base madera,Sillas,Poltronas,,Sillas/Poltronas/Silla interlocutora giratoria base madera.jpg
Silla giratoria base madera,Sillas,Poltronas,,Sillas/Poltronas/Silla giratoria base madera.jpg
Silla interlocutora giratoria con base negra,Sillas,Poltronas,,Sillas/Poltronas/Silla interlocutora giratoria con base negra.jpg
Silla interlocutora base negra,Sillas,Poltronas,,Sillas/Poltronas/Silla interlocutora base negra.jpg
Silla redonda sin ruedas,Sillas,Puff,,Sillas/Puff/Silla redonda sin ruedas.jpg
Sillas sala de espera,Sillas,Puff,,Sillas/Puff/Sillas sala de espera.jpg
Silla redonda con ruedas,Sillas,Puff,,Sillas/Puff/Silla redonda con ruedas.jpg
Silla sala de espera con mesa,Sillas,Puff,,Sillas/Puff/Silla sala de espera con mesa.jpg
Pupitre con ruedas y mesa móvil,Sillas,Otros,,Sillas/Otros/Pupitre con ruedas y mesa móvil.jpg
Silla giratoria blanca con cabecero,Sillas,Otros,,Sillas/Otros/Silla giratoria blanca con cabecero.jpg
Silla espaldar alto con brazos,Sillas,Otros,,Sillas/Otros/Silla espaldar alto con brazos.jpg
Silla bitaco negro con ruedas,Sillas,Otros,,Sillas/Otros/Silla bitaco negro con ruedas.jpg
Silla giratoria negra con apoyabrazos,Sillas,Otros,,Sillas/Otros/Silla giratoria negra con apoyabrazos.jpg
Pupitre asiento tapizado,Sillas,Otros,,Sillas/Otros/Pupitre asiento tapizado.jpg
Silla en sintético base cromo,Sillas,Otros,,Sillas/Otros/Silla en sintético base cromo.jpg
Silla espaldar alto sin brazos,Sillas,Otros,,Sillas/Otros/Silla espaldar alto sin brazos.jpg
Sillas fijas con base aluminio,Sillas,Otros,,Sillas/Otros/Sillas fijas con base aluminio.jpg
Silla giratoria negra con base en aluminio,Sillas,Otros,,Sillas/Otros/Silla giratoria negra con base en aluminio.jpg
Sillas sala de espera,Sillas,Otros,,Sillas/Otros/Sillas sala de espera.jpg
Silla sala de espera negra,Sillas,Otros,,Sillas/Otros/Silla sala de espera negra.jpg
Silla giratoria blanca con apoyabrazos,Sillas,Otros,,Sillas/Otros/Silla giratoria blanca con apoyabrazos.jpg
Isla de trabajo,Sillas,Otros,,Sillas/Otros/Isla de trabajo.jpeg
Silla fija con apoyabrazos,Sillas,Otros,,Sillas/Otros/Silla fija con apoyabrazos.jpg
Silla carcasa negra y base cromo,Sillas,Otros,,Sillas/Otros/Silla carcasa negra y base cromo.jpg
Silla giratoria sin cabecero,Sillas,Otros,,Sillas/Otros/Silla giratoria sin cabecero.jpg
"Divisiones para oficina, sillas fijas y giratorias",Sillas,Otros,,"Sillas/Otros/Divisiones para oficina, sillas fijas y giratorias.jpg"
Silla fija blanca con base madera,Sillas,Otros,,Sillas/Otros/Silla fija blanca con base madera.jpg
Sillas blancas con base aluminio,Sillas,Otros,,Sillas/Otros/Sillas blancas con base aluminio.jpg
Sillas sala de espera carcasa negra,Sillas,Otros,,Sillas/Otros/Sillas sala de espera carcasa negra.jpg
Pupitre carcasa negra,Sillas,Otros,,Sillas/Otros/Pupitre carcasa negra.jpg
Silla giratoria negra con cabecero,Sillas,Sillas Ergonómicas,,Sillas/Sillas Ergonómicas/Silla giratoria negra con cabecero.jpg
Silla giratoria blanca con cabecero,Sillas,Sillas Ergonómicas,,Sillas/Sillas Ergonómicas/Silla giratoria blanca con cabecero.jpg
Silla giratoria negra con asiento verde,Sillas,Sillas Ergonómicas,,Sillas/Sillas Ergonómicas/Silla giratoria negra con asiento verde.jpg
Silla giratoria e interlocutora negra,Sillas,Sillas Ergonómicas,,Sillas/Sillas Ergonómicas/Silla giratoria e interlocutora negra.jpg
Silla giratoria negra con apoyabrazos,Sillas,Sillas Ergonómicas,,Sillas/Sillas Ergonómicas/Silla giratoria negra con apoyabrazos.jpg
Silla giratoria negra,Sillas,Sillas Ergonómicas,,Sillas/Sillas Ergonómicas/Silla giratoria negra.png
Silla giratoria negra con asiento azul,Sillas,Sillas Ergonómicas,,Sillas/Sillas Ergonómicas/Silla giratoria negra con asiento azul.jpg
Silla giratoria e interlocutora gris,Sillas,Sillas Ergonómicas,,Sillas/Sillas Ergonómicas/Silla giratoria e interlocutora gris.jpg
Silla giratoria blanca con malla negra,Sillas,Sillas Ergonómicas,,Sillas/Sillas Ergonómicas/Silla giratoria blanca con malla negra.jpg
Silla giratoria negra con brazos,Sillas,Sillas Ergonómicas,,Sillas/Sillas Ergonómicas/Silla giratoria negra con brazos.jpg
Silla giratoria con cabecero y base aluminio,Sillas,Sillas Ergonómicas,,Sillas/Sillas Ergonómicas/Silla giratoria con cabecero y base aluminio.jpg
Silla giratoria con cabecero y malla negra,Sillas,Sillas Ergonómicas,,Sillas/Sillas Ergonómicas/Silla giratoria con cabecero y malla negra.jpg
Silla giratoria blanca con apoyabrazos,Sillas,Sillas Ergonómicas,,Sillas/Sillas Ergonómicas/Silla giratoria blanca con apoyabrazos.jpg
Silla giratoria negra con asiento amarillo,Sillas,Sillas Ergonómicas,,Sillas/Sillas Ergonómicas/Silla giratoria negra con asiento amarillo.jpg
Sillas giratorias con cabecero,Sillas,Sillas Ergonómicas,,Sillas/Sillas Ergonómicas/Sillas giratorias con cabecero.jpg
Silla giratoria negra con malla gris,Sillas,Sillas Ergonómicas,,Sillas/Sillas Ergonómicas/Silla giratoria negra con malla gris.jpg
